Case,Selamat
eligible eng 4.png,not found
eligible eng 5.png,not found
eligible eng 7.png,not found
eligible eng 6.png,not found
eligible eng 2.png,not found
eligible eng 3.png,not found
eligible eng 1.png,not found
not eligible indo 3.png,not found
eligible indo 1.png,found
not eligible indo 2.png,not found
eligible indo 3.png,found
eligible indo 2.png,found
not eligible indo 1.png,not found
not eligible indo 5.png,not found
not eligible indo 4.png,not found
not eligible indo 6.png,not found
img1.png,not found
not eligible indo 7.png,not found
not eligible eng 1.png,not found
not eligible eng 2.png,not found
not eligible eng 3.png,not found
not eligible eng 6.png,not found
not eligible eng 4.png,not found
not eligible eng 5.png,not found